class	path
org.apache.commons.configuration2.builder.fluent.PropertiesBuilderParameters	/Users/nima/Developer/commons-configuration/src/main/java/org/apache/commons/configuration2/builder/fluent/PropertiesBuilderParameters.java
org.apache.commons.configuration2.builder.BasicBuilderProperties	/Users/nima/Developer/commons-configuration/src/main/java/org/apache/commons/configuration2/builder/BasicBuilderProperties.java
org.apache.commons.configuration2.builder.FileBasedBuilderProperties	/Users/nima/Developer/commons-configuration/src/main/java/org/apache/commons/configuration2/builder/FileBasedBuilderProperties.java
org.apache.commons.configuration2.PropertiesConfiguration	/Users/nima/Developer/commons-configuration/src/main/java/org/apache/commons/configuration2/PropertiesConfiguration.java
org.apache.commons.configuration2.PropertiesConfiguration$DefaultIOFactory	/Users/nima/Developer/commons-configuration/src/main/java/org/apache/commons/configuration2/PropertiesConfiguration.java
org.apache.commons.configuration2.PropertiesConfiguration$IOFactory	/Users/nima/Developer/commons-configuration/src/main/java/org/apache/commons/configuration2/PropertiesConfiguration.java
org.apache.commons.configuration2.PropertiesConfiguration$JupIOFactory	/Users/nima/Developer/commons-configuration/src/main/java/org/apache/commons/configuration2/PropertiesConfiguration.java
org.apache.commons.configuration2.PropertiesConfiguration$JupPropertiesReader	/Users/nima/Developer/commons-configuration/src/main/java/org/apache/commons/configuration2/PropertiesConfiguration.java
org.apache.commons.configuration2.PropertiesConfiguration$JupPropertiesWriter	/Users/nima/Developer/commons-configuration/src/main/java/org/apache/commons/configuration2/PropertiesConfiguration.java
org.apache.commons.configuration2.PropertiesConfiguration$PropertiesReader	/Users/nima/Developer/commons-configuration/src/main/java/org/apache/commons/configuration2/PropertiesConfiguration.java
org.apache.commons.configuration2.PropertiesConfiguration$PropertiesWriter	/Users/nima/Developer/commons-configuration/src/main/java/org/apache/commons/configuration2/PropertiesConfiguration.java
org.apache.commons.configuration2.builder.PropertiesBuilderProperties	/Users/nima/Developer/commons-configuration/src/main/java/org/apache/commons/configuration2/builder/PropertiesBuilderProperties.java
org.apache.commons.configuration2.BaseConfiguration	/Users/nima/Developer/commons-configuration/src/main/java/org/apache/commons/configuration2/BaseConfiguration.java
org.apache.commons.configuration2.AbstractConfiguration	/Users/nima/Developer/commons-configuration/src/main/java/org/apache/commons/configuration2/AbstractConfiguration.java
org.apache.commons.configuration2.event.BaseEventSource	/Users/nima/Developer/commons-configuration/src/main/java/org/apache/commons/configuration2/event/BaseEventSource.java
org.apache.commons.configuration2.event.EventSource	/Users/nima/Developer/commons-configuration/src/main/java/org/apache/commons/configuration2/event/EventSource.java
org.apache.commons.configuration2.Configuration	/Users/nima/Developer/commons-configuration/src/main/java/org/apache/commons/configuration2/Configuration.java
org.apache.commons.configuration2.ImmutableConfiguration	/Users/nima/Developer/commons-configuration/src/main/java/org/apache/commons/configuration2/ImmutableConfiguration.java
org.apache.commons.configuration2.sync.SynchronizerSupport	/Users/nima/Developer/commons-configuration/src/main/java/org/apache/commons/configuration2/sync/SynchronizerSupport.java
org.apache.commons.configuration2.FileBasedConfiguration	/Users/nima/Developer/commons-configuration/src/main/java/org/apache/commons/configuration2/FileBasedConfiguration.java
org.apache.commons.configuration2.io.FileBased	/Users/nima/Developer/commons-configuration/src/main/java/org/apache/commons/configuration2/io/FileBased.java
org.apache.commons.configuration2.io.FileLocatorAware	/Users/nima/Developer/commons-configuration/src/main/java/org/apache/commons/configuration2/io/FileLocatorAware.java
org.apache.commons.configuration2.builder.BuilderParameters	/Users/nima/Developer/commons-configuration/src/main/java/org/apache/commons/configuration2/builder/BuilderParameters.java
org.apache.commons.configuration2.io.ConfigurationLogger	/Users/nima/Developer/commons-configuration/src/main/java/org/apache/commons/configuration2/io/ConfigurationLogger.java
org.apache.commons.configuration2.convert.ListDelimiterHandler	/Users/nima/Developer/commons-configuration/src/main/java/org/apache/commons/configuration2/convert/ListDelimiterHandler.java
org.apache.commons.configuration2.interpol.ConfigurationInterpolator	/Users/nima/Developer/commons-configuration/src/main/java/org/apache/commons/configuration2/interpol/ConfigurationInterpolator.java
org.apache.commons.configuration2.interpol.ConfigurationInterpolator$DefaultPrefixLookupsHolder	/Users/nima/Developer/commons-configuration/src/main/java/org/apache/commons/configuration2/interpol/ConfigurationInterpolator.java
org.apache.commons.configuration2.interpol.ConfigurationInterpolator$DefaultStringConverter	/Users/nima/Developer/commons-configuration/src/main/java/org/apache/commons/configuration2/interpol/ConfigurationInterpolator.java
org.apache.commons.configuration2.interpol.Lookup	/Users/nima/Developer/commons-configuration/src/main/java/org/apache/commons/configuration2/interpol/Lookup.java
org.apache.commons.configuration2.sync.Synchronizer	/Users/nima/Developer/commons-configuration/src/main/java/org/apache/commons/configuration2/sync/Synchronizer.java
org.apache.commons.configuration2.convert.ConversionHandler	/Users/nima/Developer/commons-configuration/src/main/java/org/apache/commons/configuration2/convert/ConversionHandler.java
org.apache.commons.configuration2.ConfigurationDecoder	/Users/nima/Developer/commons-configuration/src/main/java/org/apache/commons/configuration2/ConfigurationDecoder.java
org.apache.commons.configuration2.beanutils.BeanHelper	/Users/nima/Developer/commons-configuration/src/main/java/org/apache/commons/configuration2/beanutils/BeanHelper.java
org.apache.commons.configuration2.beanutils.BeanHelper$BeanCreationContextImpl	/Users/nima/Developer/commons-configuration/src/main/java/org/apache/commons/configuration2/beanutils/BeanHelper.java
org.apache.commons.configuration2.beanutils.BeanFactory	/Users/nima/Developer/commons-configuration/src/main/java/org/apache/commons/configuration2/beanutils/BeanFactory.java
org.apache.commons.configuration2.beanutils.BeanDeclaration	/Users/nima/Developer/commons-configuration/src/main/java/org/apache/commons/configuration2/beanutils/BeanDeclaration.java
org.apache.commons.configuration2.beanutils.BeanCreationContext	/Users/nima/Developer/commons-configuration/src/main/java/org/apache/commons/configuration2/beanutils/BeanCreationContext.java
org.apache.commons.configuration2.beanutils.ConstructorArg	/Users/nima/Developer/commons-configuration/src/main/java/org/apache/commons/configuration2/beanutils/ConstructorArg.java
org.apache.commons.configuration2.interpol.InterpolatorSpecification	/Users/nima/Developer/commons-configuration/src/main/java/org/apache/commons/configuration2/interpol/InterpolatorSpecification.java
org.apache.commons.configuration2.interpol.InterpolatorSpecification$Builder	/Users/nima/Developer/commons-configuration/src/main/java/org/apache/commons/configuration2/interpol/InterpolatorSpecification.java
org.apache.commons.configuration2.convert.ValueTransformer	/Users/nima/Developer/commons-configuration/src/main/java/org/apache/commons/configuration2/convert/ValueTransformer.java
org.apache.commons.configuration2.io.FileSystem	/Users/nima/Developer/commons-configuration/src/main/java/org/apache/commons/configuration2/io/FileSystem.java
org.apache.commons.configuration2.io.FileLocationStrategy	/Users/nima/Developer/commons-configuration/src/main/java/org/apache/commons/configuration2/io/FileLocationStrategy.java
org.apache.commons.configuration2.builder.ReloadingDetectorFactory	/Users/nima/Developer/commons-configuration/src/main/java/org/apache/commons/configuration2/builder/ReloadingDetectorFactory.java
org.apache.commons.configuration2.io.URLConnectionOptions	/Users/nima/Developer/commons-configuration/src/main/java/org/apache/commons/configuration2/io/URLConnectionOptions.java
org.apache.commons.configuration2.io.FileLocator	/Users/nima/Developer/commons-configuration/src/main/java/org/apache/commons/configuration2/io/FileLocator.java
org.apache.commons.configuration2.io.FileLocator$FileLocatorBuilder	/Users/nima/Developer/commons-configuration/src/main/java/org/apache/commons/configuration2/io/FileLocator.java
org.apache.commons.configuration2.io.FileHandler	/Users/nima/Developer/commons-configuration/src/main/java/org/apache/commons/configuration2/io/FileHandler.java
org.apache.commons.configuration2.io.FileHandler$Updater	/Users/nima/Developer/commons-configuration/src/main/java/org/apache/commons/configuration2/io/FileHandler.java
org.apache.commons.configuration2.io.FileHandler$1	/Users/nima/Developer/commons-configuration/src/main/java/org/apache/commons/configuration2/io/FileHandler.java
org.apache.commons.configuration2.io.FileHandler$2	/Users/nima/Developer/commons-configuration/src/main/java/org/apache/commons/configuration2/io/FileHandler.java
org.apache.commons.configuration2.io.FileHandler$3	/Users/nima/Developer/commons-configuration/src/main/java/org/apache/commons/configuration2/io/FileHandler.java
org.apache.commons.configuration2.io.FileHandler$4	/Users/nima/Developer/commons-configuration/src/main/java/org/apache/commons/configuration2/io/FileHandler.java
org.apache.commons.configuration2.io.FileHandler$5	/Users/nima/Developer/commons-configuration/src/main/java/org/apache/commons/configuration2/io/FileHandler.java
org.apache.commons.configuration2.io.FileHandler$6	/Users/nima/Developer/commons-configuration/src/main/java/org/apache/commons/configuration2/io/FileHandler.java
org.apache.commons.configuration2.io.FileHandler$7	/Users/nima/Developer/commons-configuration/src/main/java/org/apache/commons/configuration2/io/FileHandler.java
org.apache.commons.configuration2.io.FileHandler$8	/Users/nima/Developer/commons-configuration/src/main/java/org/apache/commons/configuration2/io/FileHandler.java
org.apache.commons.configuration2.io.FileHandler$9	/Users/nima/Developer/commons-configuration/src/main/java/org/apache/commons/configuration2/io/FileHandler.java
org.apache.commons.configuration2.builder.FileBasedBuilderParametersImpl	/Users/nima/Developer/commons-configuration/src/main/java/org/apache/commons/configuration2/builder/FileBasedBuilderParametersImpl.java
org.apache.commons.configuration2.builder.BasicBuilderParameters	/Users/nima/Developer/commons-configuration/src/main/java/org/apache/commons/configuration2/builder/BasicBuilderParameters.java
org.apache.commons.configuration2.reloading.ReloadingDetector	/Users/nima/Developer/commons-configuration/src/main/java/org/apache/commons/configuration2/reloading/ReloadingDetector.java
org.apache.commons.configuration2.ex.ConfigurationException	/Users/nima/Developer/commons-configuration/src/main/java/org/apache/commons/configuration2/ex/ConfigurationException.java
org.apache.commons.configuration2.io.FileHandlerListener	/Users/nima/Developer/commons-configuration/src/main/java/org/apache/commons/configuration2/io/FileHandlerListener.java
org.apache.commons.configuration2.io.FileOptionsProvider	/Users/nima/Developer/commons-configuration/src/main/java/org/apache/commons/configuration2/io/FileOptionsProvider.java
org.apache.commons.configuration2.ConfigurationConsumer	/Users/nima/Developer/commons-configuration/src/main/java/org/apache/commons/configuration2/ConfigurationConsumer.java
org.apache.commons.configuration2.PropertiesConfigurationLayout	/Users/nima/Developer/commons-configuration/src/main/java/org/apache/commons/configuration2/PropertiesConfigurationLayout.java
org.apache.commons.configuration2.PropertiesConfigurationLayout$PropertyLayoutData	/Users/nima/Developer/commons-configuration/src/main/java/org/apache/commons/configuration2/PropertiesConfigurationLayout.java
org.apache.commons.configuration2.event.EventListener	/Users/nima/Developer/commons-configuration/src/main/java/org/apache/commons/configuration2/event/EventListener.java
org.apache.commons.configuration2.event.ConfigurationEvent	/Users/nima/Developer/commons-configuration/src/main/java/org/apache/commons/configuration2/event/ConfigurationEvent.java
org.apache.commons.configuration2.event.Event	/Users/nima/Developer/commons-configuration/src/main/java/org/apache/commons/configuration2/event/Event.java
org.apache.commons.configuration2.event.EventType	/Users/nima/Developer/commons-configuration/src/main/java/org/apache/commons/configuration2/event/EventType.java
org.apache.commons.configuration2.sync.LockMode	/Users/nima/Developer/commons-configuration/src/main/java/org/apache/commons/configuration2/sync/LockMode.java
org.apache.commons.configuration2.event.EventListenerList	/Users/nima/Developer/commons-configuration/src/main/java/org/apache/commons/configuration2/event/EventListenerList.java
org.apache.commons.configuration2.event.EventListenerList$EventListenerIterator	/Users/nima/Developer/commons-configuration/src/main/java/org/apache/commons/configuration2/event/EventListenerList.java
org.apache.commons.configuration2.event.EventListenerRegistrationData	/Users/nima/Developer/commons-configuration/src/main/java/org/apache/commons/configuration2/event/EventListenerRegistrationData.java
org.apache.commons.configuration2.event.ConfigurationErrorEvent	/Users/nima/Developer/commons-configuration/src/main/java/org/apache/commons/configuration2/event/ConfigurationErrorEvent.java
org.apache.commons.configuration2.builder.DefaultParametersManager	/Users/nima/Developer/commons-configuration/src/main/java/org/apache/commons/configuration2/builder/DefaultParametersManager.java
org.apache.commons.configuration2.builder.DefaultParametersManager$DefaultHandlerData	/Users/nima/Developer/commons-configuration/src/main/java/org/apache/commons/configuration2/builder/DefaultParametersManager.java
org.apache.commons.configuration2.builder.DefaultParametersHandler	/Users/nima/Developer/commons-configuration/src/main/java/org/apache/commons/configuration2/builder/DefaultParametersHandler.java
org.apache.commons.configuration2.PatternSubtreeConfigurationWrapper	/Users/nima/Developer/commons-configuration/src/main/java/org/apache/commons/configuration2/PatternSubtreeConfigurationWrapper.java
org.apache.commons.configuration2.BaseHierarchicalConfiguration	/Users/nima/Developer/commons-configuration/src/main/java/org/apache/commons/configuration2/BaseHierarchicalConfiguration.java
org.apache.commons.configuration2.BaseHierarchicalConfiguration$1	/Users/nima/Developer/commons-configuration/src/main/java/org/apache/commons/configuration2/BaseHierarchicalConfiguration.java
org.apache.commons.configuration2.BaseHierarchicalConfiguration$BuilderVisitor	/Users/nima/Developer/commons-configuration/src/main/java/org/apache/commons/configuration2/BaseHierarchicalConfiguration.java
org.apache.commons.configuration2.BaseHierarchicalConfiguration$InterpolatedVisitor	/Users/nima/Developer/commons-configuration/src/main/java/org/apache/commons/configuration2/BaseHierarchicalConfiguration.java
org.apache.commons.configuration2.AbstractHierarchicalConfiguration	/Users/nima/Developer/commons-configuration/src/main/java/org/apache/commons/configuration2/AbstractHierarchicalConfiguration.java
org.apache.commons.configuration2.AbstractHierarchicalConfiguration$DefinedVisitor	/Users/nima/Developer/commons-configuration/src/main/java/org/apache/commons/configuration2/AbstractHierarchicalConfiguration.java
org.apache.commons.configuration2.AbstractHierarchicalConfiguration$DefinedKeysVisitor	/Users/nima/Developer/commons-configuration/src/main/java/org/apache/commons/configuration2/AbstractHierarchicalConfiguration.java
org.apache.commons.configuration2.tree.NodeKeyResolver	/Users/nima/Developer/commons-configuration/src/main/java/org/apache/commons/configuration2/tree/NodeKeyResolver.java
org.apache.commons.configuration2.HierarchicalConfiguration	/Users/nima/Developer/commons-configuration/src/main/java/org/apache/commons/configuration2/HierarchicalConfiguration.java
org.apache.commons.configuration2.ImmutableHierarchicalConfiguration	/Users/nima/Developer/commons-configuration/src/main/java/org/apache/commons/configuration2/ImmutableHierarchicalConfiguration.java
org.apache.commons.configuration2.tree.NodeModelSupport	/Users/nima/Developer/commons-configuration/src/main/java/org/apache/commons/configuration2/tree/NodeModelSupport.java
org.apache.commons.configuration2.tree.InMemoryNodeModelSupport	/Users/nima/Developer/commons-configuration/src/main/java/org/apache/commons/configuration2/tree/InMemoryNodeModelSupport.java
org.apache.commons.configuration2.tree.ImmutableNode	/Users/nima/Developer/commons-configuration/src/main/java/org/apache/commons/configuration2/tree/ImmutableNode.java
org.apache.commons.configuration2.tree.ImmutableNode$Builder	/Users/nima/Developer/commons-configuration/src/main/java/org/apache/commons/configuration2/tree/ImmutableNode.java
org.apache.commons.configuration2.tree.ExpressionEngine	/Users/nima/Developer/commons-configuration/src/main/java/org/apache/commons/configuration2/tree/ExpressionEngine.java
org.apache.commons.configuration2.tree.NodeHandler	/Users/nima/Developer/commons-configuration/src/main/java/org/apache/commons/configuration2/tree/NodeHandler.java
org.apache.commons.configuration2.tree.QueryResult	/Users/nima/Developer/commons-configuration/src/main/java/org/apache/commons/configuration2/tree/QueryResult.java
org.apache.commons.configuration2.tree.NodeAddData	/Users/nima/Developer/commons-configuration/src/main/java/org/apache/commons/configuration2/tree/NodeAddData.java
org.apache.commons.configuration2.tree.NodeMatcher	/Users/nima/Developer/commons-configuration/src/main/java/org/apache/commons/configuration2/tree/NodeMatcher.java
org.apache.commons.configuration2.tree.NodeModel	/Users/nima/Developer/commons-configuration/src/main/java/org/apache/commons/configuration2/tree/NodeModel.java
org.apache.commons.configuration2.tree.InMemoryNodeModel	/Users/nima/Developer/commons-configuration/src/main/java/org/apache/commons/configuration2/tree/InMemoryNodeModel.java
org.apache.commons.configuration2.tree.InMemoryNodeModel$1	/Users/nima/Developer/commons-configuration/src/main/java/org/apache/commons/configuration2/tree/InMemoryNodeModel.java
org.apache.commons.configuration2.tree.InMemoryNodeModel$TransactionInitializer	/Users/nima/Developer/commons-configuration/src/main/java/org/apache/commons/configuration2/tree/InMemoryNodeModel.java
org.apache.commons.configuration2.tree.NodeSelector	/Users/nima/Developer/commons-configuration/src/main/java/org/apache/commons/configuration2/tree/NodeSelector.java
org.apache.commons.configuration2.SubnodeConfiguration	/Users/nima/Developer/commons-configuration/src/main/java/org/apache/commons/configuration2/SubnodeConfiguration.java
org.apache.commons.configuration2.tree.TrackedNodeModel	/Users/nima/Developer/commons-configuration/src/main/java/org/apache/commons/configuration2/tree/TrackedNodeModel.java
org.apache.commons.configuration2.tree.TreeData	/Users/nima/Developer/commons-configuration/src/main/java/org/apache/commons/configuration2/tree/TreeData.java
org.apache.commons.configuration2.tree.AbstractImmutableNodeHandler	/Users/nima/Developer/commons-configuration/src/main/java/org/apache/commons/configuration2/tree/AbstractImmutableNodeHandler.java
org.apache.commons.configuration2.tree.ReferenceNodeHandler	/Users/nima/Developer/commons-configuration/src/main/java/org/apache/commons/configuration2/tree/ReferenceNodeHandler.java
org.apache.commons.configuration2.tree.ModelTransaction	/Users/nima/Developer/commons-configuration/src/main/java/org/apache/commons/configuration2/tree/ModelTransaction.java
org.apache.commons.configuration2.tree.ModelTransaction$1	/Users/nima/Developer/commons-configuration/src/main/java/org/apache/commons/configuration2/tree/ModelTransaction.java
org.apache.commons.configuration2.tree.ModelTransaction$Operation	/Users/nima/Developer/commons-configuration/src/main/java/org/apache/commons/configuration2/tree/ModelTransaction.java
org.apache.commons.configuration2.tree.ModelTransaction$ChildrenUpdateOperation	/Users/nima/Developer/commons-configuration/src/main/java/org/apache/commons/configuration2/tree/ModelTransaction.java
org.apache.commons.configuration2.tree.ModelTransaction$AddAttributeOperation	/Users/nima/Developer/commons-configuration/src/main/java/org/apache/commons/configuration2/tree/ModelTransaction.java
org.apache.commons.configuration2.tree.ModelTransaction$AddAttributesOperation	/Users/nima/Developer/commons-configuration/src/main/java/org/apache/commons/configuration2/tree/ModelTransaction.java
org.apache.commons.configuration2.tree.ModelTransaction$RemoveAttributeOperation	/Users/nima/Developer/commons-configuration/src/main/java/org/apache/commons/configuration2/tree/ModelTransaction.java
org.apache.commons.configuration2.tree.ModelTransaction$ChangeNodeValueOperation	/Users/nima/Developer/commons-configuration/src/main/java/org/apache/commons/configuration2/tree/ModelTransaction.java
org.apache.commons.configuration2.tree.ModelTransaction$ChangeNodeNameOperation	/Users/nima/Developer/commons-configuration/src/main/java/org/apache/commons/configuration2/tree/ModelTransaction.java
org.apache.commons.configuration2.tree.ModelTransaction$Operations	/Users/nima/Developer/commons-configuration/src/main/java/org/apache/commons/configuration2/tree/ModelTransaction.java
org.apache.commons.configuration2.tree.NodeTracker	/Users/nima/Developer/commons-configuration/src/main/java/org/apache/commons/configuration2/tree/NodeTracker.java
org.apache.commons.configuration2.tree.NodeTracker$TrackedNodeData	/Users/nima/Developer/commons-configuration/src/main/java/org/apache/commons/configuration2/tree/NodeTracker.java
org.apache.commons.configuration2.tree.ReferenceTracker	/Users/nima/Developer/commons-configuration/src/main/java/org/apache/commons/configuration2/tree/ReferenceTracker.java
org.apache.commons.configuration2.tree.NodeUpdateData	/Users/nima/Developer/commons-configuration/src/main/java/org/apache/commons/configuration2/tree/NodeUpdateData.java
org.apache.commons.configuration2.tree.ConfigurationNodeVisitorAdapter	/Users/nima/Developer/commons-configuration/src/main/java/org/apache/commons/configuration2/tree/ConfigurationNodeVisitorAdapter.java
org.apache.commons.configuration2.tree.ConfigurationNodeVisitor	/Users/nima/Developer/commons-configuration/src/main/java/org/apache/commons/configuration2/tree/ConfigurationNodeVisitor.java
org.apache.commons.configuration2.interpol.DefaultLookups	/Users/nima/Developer/commons-configuration/src/main/java/org/apache/commons/configuration2/interpol/DefaultLookups.java
org.apache.commons.configuration2.tree.xpath.XPathExpressionEngine	/Users/nima/Developer/commons-configuration/src/main/java/org/apache/commons/configuration2/tree/xpath/XPathExpressionEngine.java
org.apache.commons.configuration2.tree.xpath.XPathContextFactory	/Users/nima/Developer/commons-configuration/src/main/java/org/apache/commons/configuration2/tree/xpath/XPathContextFactory.java
org.apache.commons.configuration2.beanutils.XMLBeanDeclaration	/Users/nima/Developer/commons-configuration/src/main/java/org/apache/commons/configuration2/beanutils/XMLBeanDeclaration.java
org.apache.commons.configuration2.beanutils.XMLBeanDeclaration$NodeData	/Users/nima/Developer/commons-configuration/src/main/java/org/apache/commons/configuration2/beanutils/XMLBeanDeclaration.java
org.apache.commons.configuration2.resolver.EntityRegistry	/Users/nima/Developer/commons-configuration/src/main/java/org/apache/commons/configuration2/resolver/EntityRegistry.java
org.apache.commons.configuration2.EnvironmentConfiguration	/Users/nima/Developer/commons-configuration/src/main/java/org/apache/commons/configuration2/EnvironmentConfiguration.java
org.apache.commons.configuration2.MapConfiguration	/Users/nima/Developer/commons-configuration/src/main/java/org/apache/commons/configuration2/MapConfiguration.java
org.apache.commons.configuration2.resolver.DefaultEntityResolver	/Users/nima/Developer/commons-configuration/src/main/java/org/apache/commons/configuration2/resolver/DefaultEntityResolver.java
org.apache.commons.configuration2.io.DefaultFileSystem	/Users/nima/Developer/commons-configuration/src/main/java/org/apache/commons/configuration2/io/DefaultFileSystem.java
org.apache.commons.configuration2.io.DefaultFileSystem$HttpOutputStream	/Users/nima/Developer/commons-configuration/src/main/java/org/apache/commons/configuration2/io/DefaultFileSystem.java
org.apache.commons.configuration2.io.VerifiableOutputStream	/Users/nima/Developer/commons-configuration/src/main/java/org/apache/commons/configuration2/io/VerifiableOutputStream.java
org.apache.commons.configuration2.io.ClasspathLocationStrategy	/Users/nima/Developer/commons-configuration/src/main/java/org/apache/commons/configuration2/io/ClasspathLocationStrategy.java
org.apache.commons.configuration2.ConfigurationLookup	/Users/nima/Developer/commons-configuration/src/main/java/org/apache/commons/configuration2/ConfigurationLookup.java
org.apache.commons.configuration2.ConfigurationConverter	/Users/nima/Developer/commons-configuration/src/main/java/org/apache/commons/configuration2/ConfigurationConverter.java
org.apache.commons.configuration2.builder.combined.ReloadingMultiFileConfigurationBuilder	/Users/nima/Developer/commons-configuration/src/main/java/org/apache/commons/configuration2/builder/combined/ReloadingMultiFileConfigurationBuilder.java
org.apache.commons.configuration2.builder.combined.ReloadingMultiFileConfigurationBuilder$1	/Users/nima/Developer/commons-configuration/src/main/java/org/apache/commons/configuration2/builder/combined/ReloadingMultiFileConfigurationBuilder.java
org.apache.commons.configuration2.builder.combined.MultiFileConfigurationBuilder	/Users/nima/Developer/commons-configuration/src/main/java/org/apache/commons/configuration2/builder/combined/MultiFileConfigurationBuilder.java
org.apache.commons.configuration2.builder.BasicConfigurationBuilder	/Users/nima/Developer/commons-configuration/src/main/java/org/apache/commons/configuration2/builder/BasicConfigurationBuilder.java
org.apache.commons.configuration2.builder.BasicConfigurationBuilder$1	/Users/nima/Developer/commons-configuration/src/main/java/org/apache/commons/configuration2/builder/BasicConfigurationBuilder.java
org.apache.commons.configuration2.builder.ConfigurationBuilder	/Users/nima/Developer/commons-configuration/src/main/java/org/apache/commons/configuration2/builder/ConfigurationBuilder.java
org.apache.commons.configuration2.reloading.ReloadingControllerSupport	/Users/nima/Developer/commons-configuration/src/main/java/org/apache/commons/configuration2/reloading/ReloadingControllerSupport.java
org.apache.commons.configuration2.reloading.ReloadingController	/Users/nima/Developer/commons-configuration/src/main/java/org/apache/commons/configuration2/reloading/ReloadingController.java
org.apache.commons.configuration2.builder.FileBasedConfigurationBuilder	/Users/nima/Developer/commons-configuration/src/main/java/org/apache/commons/configuration2/builder/FileBasedConfigurationBuilder.java
org.apache.commons.configuration2.builder.AutoSaveListener	/Users/nima/Developer/commons-configuration/src/main/java/org/apache/commons/configuration2/builder/AutoSaveListener.java
org.apache.commons.configuration2.io.FileHandlerListenerAdapter	/Users/nima/Developer/commons-configuration/src/main/java/org/apache/commons/configuration2/io/FileHandlerListenerAdapter.java
org.apache.commons.configuration2.builder.ConfigurationBuilderEvent	/Users/nima/Developer/commons-configuration/src/main/java/org/apache/commons/configuration2/builder/ConfigurationBuilderEvent.java
org.apache.commons.configuration2.builder.combined.MultiFileBuilderParametersImpl	/Users/nima/Developer/commons-configuration/src/main/java/org/apache/commons/configuration2/builder/combined/MultiFileBuilderParametersImpl.java
org.apache.commons.configuration2.builder.combined.MultiFileBuilderProperties	/Users/nima/Developer/commons-configuration/src/main/java/org/apache/commons/configuration2/builder/combined/MultiFileBuilderProperties.java
org.apache.commons.configuration2.builder.ReloadingFileBasedConfigurationBuilder	/Users/nima/Developer/commons-configuration/src/main/java/org/apache/commons/configuration2/builder/ReloadingFileBasedConfigurationBuilder.java
org.apache.commons.configuration2.builder.ReloadingFileBasedConfigurationBuilder$1	/Users/nima/Developer/commons-configuration/src/main/java/org/apache/commons/configuration2/builder/ReloadingFileBasedConfigurationBuilder.java
org.apache.commons.configuration2.builder.fluent.INIBuilderParameters	/Users/nima/Developer/commons-configuration/src/main/java/org/apache/commons/configuration2/builder/fluent/INIBuilderParameters.java
org.apache.commons.configuration2.builder.HierarchicalBuilderProperties	/Users/nima/Developer/commons-configuration/src/main/java/org/apache/commons/configuration2/builder/HierarchicalBuilderProperties.java
org.apache.commons.configuration2.builder.INIBuilderProperties	/Users/nima/Developer/commons-configuration/src/main/java/org/apache/commons/configuration2/builder/INIBuilderProperties.java
org.apache.commons.configuration2.builder.fluent.JndiBuilderParameters	/Users/nima/Developer/commons-configuration/src/main/java/org/apache/commons/configuration2/builder/fluent/JndiBuilderParameters.java
org.apache.commons.configuration2.builder.JndiBuilderProperties	/Users/nima/Developer/commons-configuration/src/main/java/org/apache/commons/configuration2/builder/JndiBuilderProperties.java
org.apache.commons.configuration2.builder.XMLBuilderProperties	/Users/nima/Developer/commons-configuration/src/main/java/org/apache/commons/configuration2/builder/XMLBuilderProperties.java
org.apache.commons.configuration2.builder.fluent.DatabaseBuilderParameters	/Users/nima/Developer/commons-configuration/src/main/java/org/apache/commons/configuration2/builder/fluent/DatabaseBuilderParameters.java
org.apache.commons.configuration2.builder.DatabaseBuilderProperties	/Users/nima/Developer/commons-configuration/src/main/java/org/apache/commons/configuration2/builder/DatabaseBuilderProperties.java
org.apache.commons.configuration2.builder.PropertiesBuilderParametersImpl	/Users/nima/Developer/commons-configuration/src/main/java/org/apache/commons/configuration2/builder/PropertiesBuilderParametersImpl.java
org.apache.commons.configuration2.beanutils.DefaultBeanFactory	/Users/nima/Developer/commons-configuration/src/main/java/org/apache/commons/configuration2/beanutils/DefaultBeanFactory.java
org.apache.commons.configuration2.ex.ConfigurationRuntimeException	/Users/nima/Developer/commons-configuration/src/main/java/org/apache/commons/configuration2/ex/ConfigurationRuntimeException.java
org.apache.commons.configuration2.JNDIConfiguration	/Users/nima/Developer/commons-configuration/src/main/java/org/apache/commons/configuration2/JNDIConfiguration.java
org.apache.commons.configuration2.plist.PropertyListParserTokenManager	/Users/nima/Developer/commons-configuration/target/generated-sources/javacc/org/apache/commons/configuration2/plist/PropertyListParserTokenManager.java
org.apache.commons.configuration2.plist.PropertyListParserConstants	/Users/nima/Developer/commons-configuration/target/generated-sources/javacc/org/apache/commons/configuration2/plist/PropertyListParserConstants.java
org.apache.commons.configuration2.plist.SimpleCharStream	/Users/nima/Developer/commons-configuration/target/generated-sources/javacc/org/apache/commons/configuration2/plist/SimpleCharStream.java
org.apache.commons.configuration2.plist.Token	/Users/nima/Developer/commons-configuration/target/generated-sources/javacc/org/apache/commons/configuration2/plist/Token.java
org.apache.commons.configuration2.builder.BuilderConfigurationWrapperFactory	/Users/nima/Developer/commons-configuration/src/main/java/org/apache/commons/configuration2/builder/BuilderConfigurationWrapperFactory.java
org.apache.commons.configuration2.builder.BuilderConfigurationWrapperFactory$EventSourceSupport	/Users/nima/Developer/commons-configuration/src/main/java/org/apache/commons/configuration2/builder/BuilderConfigurationWrapperFactory.java
org.apache.commons.configuration2.builder.BuilderConfigurationWrapperFactory$BuilderConfigurationWrapperInvocationHandler	/Users/nima/Developer/commons-configuration/src/main/java/org/apache/commons/configuration2/builder/BuilderConfigurationWrapperFactory.java
org.apache.commons.configuration2.ex.ConversionException	/Users/nima/Developer/commons-configuration/src/main/java/org/apache/commons/configuration2/ex/ConversionException.java
org.apache.commons.configuration2.SubsetConfiguration	/Users/nima/Developer/commons-configuration/src/main/java/org/apache/commons/configuration2/SubsetConfiguration.java
org.apache.commons.configuration2.SubsetConfiguration$SubsetIterator	/Users/nima/Developer/commons-configuration/src/main/java/org/apache/commons/configuration2/SubsetConfiguration.java
org.apache.commons.configuration2.HierarchicalConfigurationConverter	/Users/nima/Developer/commons-configuration/src/main/java/org/apache/commons/configuration2/HierarchicalConfigurationConverter.java
org.apache.commons.configuration2.tree.DefaultConfigurationKey	/Users/nima/Developer/commons-configuration/src/main/java/org/apache/commons/configuration2/tree/DefaultConfigurationKey.java
org.apache.commons.configuration2.tree.DefaultConfigurationKey$KeyIterator	/Users/nima/Developer/commons-configuration/src/main/java/org/apache/commons/configuration2/tree/DefaultConfigurationKey.java
org.apache.commons.configuration2.tree.DefaultExpressionEngine	/Users/nima/Developer/commons-configuration/src/main/java/org/apache/commons/configuration2/tree/DefaultExpressionEngine.java
org.apache.commons.configuration2.tree.DefaultExpressionEngineSymbols	/Users/nima/Developer/commons-configuration/src/main/java/org/apache/commons/configuration2/tree/DefaultExpressionEngineSymbols.java
org.apache.commons.configuration2.tree.DefaultExpressionEngineSymbols$Builder	/Users/nima/Developer/commons-configuration/src/main/java/org/apache/commons/configuration2/tree/DefaultExpressionEngineSymbols.java
org.apache.commons.configuration2.ConfigurationUtils	/Users/nima/Developer/commons-configuration/src/main/java/org/apache/commons/configuration2/ConfigurationUtils.java
org.apache.commons.configuration2.ConfigurationUtils$1	/Users/nima/Developer/commons-configuration/src/main/java/org/apache/commons/configuration2/ConfigurationUtils.java
org.apache.commons.configuration2.plist.XMLPropertyListConfiguration	/Users/nima/Developer/commons-configuration/src/main/java/org/apache/commons/configuration2/plist/XMLPropertyListConfiguration.java
org.apache.commons.configuration2.plist.XMLPropertyListConfiguration$XMLPropertyListHandler	/Users/nima/Developer/commons-configuration/src/main/java/org/apache/commons/configuration2/plist/XMLPropertyListConfiguration.java
org.apache.commons.configuration2.plist.XMLPropertyListConfiguration$PListNodeBuilder	/Users/nima/Developer/commons-configuration/src/main/java/org/apache/commons/configuration2/plist/XMLPropertyListConfiguration.java
org.apache.commons.configuration2.plist.XMLPropertyListConfiguration$ArrayNodeBuilder	/Users/nima/Developer/commons-configuration/src/main/java/org/apache/commons/configuration2/plist/XMLPropertyListConfiguration.java
org.apache.commons.configuration2.convert.DefaultListDelimiterHandler	/Users/nima/Developer/commons-configuration/src/main/java/org/apache/commons/configuration2/convert/DefaultListDelimiterHandler.java
org.apache.commons.configuration2.convert.AbstractListDelimiterHandler	/Users/nima/Developer/commons-configuration/src/main/java/org/apache/commons/configuration2/convert/AbstractListDelimiterHandler.java
org.apache.commons.configuration2.interpol.StringLookupAdapter	/Users/nima/Developer/commons-configuration/src/main/java/org/apache/commons/configuration2/interpol/StringLookupAdapter.java
org.apache.commons.configuration2.convert.LegacyListDelimiterHandler	/Users/nima/Developer/commons-configuration/src/main/java/org/apache/commons/configuration2/convert/LegacyListDelimiterHandler.java
org.apache.commons.configuration2.sync.ReadWriteSynchronizer	/Users/nima/Developer/commons-configuration/src/main/java/org/apache/commons/configuration2/sync/ReadWriteSynchronizer.java
org.apache.commons.configuration2.spring.ConfigurationPropertySource	/Users/nima/Developer/commons-configuration/src/main/java/org/apache/commons/configuration2/spring/ConfigurationPropertySource.java
org.apache.commons.configuration2.BaseConfigurationXMLReader	/Users/nima/Developer/commons-configuration/src/main/java/org/apache/commons/configuration2/BaseConfigurationXMLReader.java
org.apache.commons.configuration2.BaseConfigurationXMLReader$SAXConverter	/Users/nima/Developer/commons-configuration/src/main/java/org/apache/commons/configuration2/BaseConfigurationXMLReader.java
org.apache.commons.configuration2.ConfigurationXMLReader	/Users/nima/Developer/commons-configuration/src/main/java/org/apache/commons/configuration2/ConfigurationXMLReader.java
org.apache.commons.configuration2.io.AbsoluteNameLocationStrategy	/Users/nima/Developer/commons-configuration/src/main/java/org/apache/commons/configuration2/io/AbsoluteNameLocationStrategy.java
org.apache.commons.configuration2.io.FileLocatorUtils	/Users/nima/Developer/commons-configuration/src/main/java/org/apache/commons/configuration2/io/FileLocatorUtils.java
org.apache.commons.configuration2.resolver.CatalogResolver	/Users/nima/Developer/commons-configuration/src/main/java/org/apache/commons/configuration2/resolver/CatalogResolver.java
org.apache.commons.configuration2.resolver.CatalogResolver$CatalogManager	/Users/nima/Developer/commons-configuration/src/main/java/org/apache/commons/configuration2/resolver/CatalogResolver.java
org.apache.commons.configuration2.resolver.CatalogResolver$Catalog	/Users/nima/Developer/commons-configuration/src/main/java/org/apache/commons/configuration2/resolver/CatalogResolver.java
org.apache.commons.configuration2.interpol.DummyLookup	/Users/nima/Developer/commons-configuration/src/main/java/org/apache/commons/configuration2/interpol/DummyLookup.java
org.apache.commons.configuration2.convert.DefaultConversionHandler	/Users/nima/Developer/commons-configuration/src/main/java/org/apache/commons/configuration2/convert/DefaultConversionHandler.java
org.apache.commons.configuration2.convert.DefaultConversionHandler$1	/Users/nima/Developer/commons-configuration/src/main/java/org/apache/commons/configuration2/convert/DefaultConversionHandler.java
org.apache.commons.configuration2.io.FileUtils	/Users/nima/Developer/commons-configuration/src/main/java/org/apache/commons/configuration2/io/FileUtils.java
org.apache.commons.configuration2.builder.combined.MultiWrapDynaBean	/Users/nima/Developer/commons-configuration/src/main/java/org/apache/commons/configuration2/builder/combined/MultiWrapDynaBean.java
org.apache.commons.configuration2.tree.xpath.ConfigurationNodeIteratorAttribute	/Users/nima/Developer/commons-configuration/src/main/java/org/apache/commons/configuration2/tree/xpath/ConfigurationNodeIteratorAttribute.java
org.apache.commons.configuration2.tree.xpath.ConfigurationNodeIteratorBase	/Users/nima/Developer/commons-configuration/src/main/java/org/apache/commons/configuration2/tree/xpath/ConfigurationNodeIteratorBase.java
org.apache.commons.configuration2.tree.xpath.ConfigurationNodePointer	/Users/nima/Developer/commons-configuration/src/main/java/org/apache/commons/configuration2/tree/xpath/ConfigurationNodePointer.java
org.apache.commons.configuration2.io.CombinedLocationStrategy	/Users/nima/Developer/commons-configuration/src/main/java/org/apache/commons/configuration2/io/CombinedLocationStrategy.java
org.apache.commons.configuration2.FindNodeVisitor	/Users/nima/Developer/commons-configuration/src/main/java/org/apache/commons/configuration2/FindNodeVisitor.java
org.apache.commons.configuration2.reloading.FileHandlerReloadingDetector	/Users/nima/Developer/commons-configuration/src/main/java/org/apache/commons/configuration2/reloading/FileHandlerReloadingDetector.java
org.apache.commons.configuration2.builder.fluent.FileBasedBuilderParameters	/Users/nima/Developer/commons-configuration/src/main/java/org/apache/commons/configuration2/builder/fluent/FileBasedBuilderParameters.java
org.apache.commons.configuration2.builder.ReloadingBuilderSupportListener	/Users/nima/Developer/commons-configuration/src/main/java/org/apache/commons/configuration2/builder/ReloadingBuilderSupportListener.java
org.apache.commons.configuration2.plist.PropertyListConfiguration	/Users/nima/Developer/commons-configuration/src/main/java/org/apache/commons/configuration2/plist/PropertyListConfiguration.java
org.apache.commons.configuration2.plist.PropertyListConfiguration$DateComponentParser	/Users/nima/Developer/commons-configuration/src/main/java/org/apache/commons/configuration2/plist/PropertyListConfiguration.java
org.apache.commons.configuration2.plist.PropertyListConfiguration$DateFieldParser	/Users/nima/Developer/commons-configuration/src/main/java/org/apache/commons/configuration2/plist/PropertyListConfiguration.java
org.apache.commons.configuration2.plist.PropertyListConfiguration$DateSeparatorParser	/Users/nima/Developer/commons-configuration/src/main/java/org/apache/commons/configuration2/plist/PropertyListConfiguration.java
org.apache.commons.configuration2.plist.PropertyListConfiguration$DateTimeZoneParser	/Users/nima/Developer/commons-configuration/src/main/java/org/apache/commons/configuration2/plist/PropertyListConfiguration.java
org.apache.commons.configuration2.plist.ParseException	/Users/nima/Developer/commons-configuration/target/generated-sources/javacc/org/apache/commons/configuration2/plist/ParseException.java
org.apache.commons.configuration2.SystemConfiguration	/Users/nima/Developer/commons-configuration/src/main/java/org/apache/commons/configuration2/SystemConfiguration.java
org.apache.commons.configuration2.tree.TreeUtils	/Users/nima/Developer/commons-configuration/src/main/java/org/apache/commons/configuration2/tree/TreeUtils.java
org.apache.commons.configuration2.io.ProvidedURLLocationStrategy	/Users/nima/Developer/commons-configuration/src/main/java/org/apache/commons/configuration2/io/ProvidedURLLocationStrategy.java
org.apache.commons.configuration2.builder.fluent.Configurations	/Users/nima/Developer/commons-configuration/src/main/java/org/apache/commons/configuration2/builder/fluent/Configurations.java
org.apache.commons.configuration2.builder.fluent.Parameters	/Users/nima/Developer/commons-configuration/src/main/java/org/apache/commons/configuration2/builder/fluent/Parameters.java
org.apache.commons.configuration2.builder.fluent.Parameters$ParametersIfcInvocationHandler	/Users/nima/Developer/commons-configuration/src/main/java/org/apache/commons/configuration2/builder/fluent/Parameters.java
org.apache.commons.configuration2.XMLConfiguration	/Users/nima/Developer/commons-configuration/src/main/java/org/apache/commons/configuration2/XMLConfiguration.java
org.apache.commons.configuration2.XMLConfiguration$1	/Users/nima/Developer/commons-configuration/src/main/java/org/apache/commons/configuration2/XMLConfiguration.java
org.apache.commons.configuration2.XMLConfiguration$XMLBuilderVisitor	/Users/nima/Developer/commons-configuration/src/main/java/org/apache/commons/configuration2/XMLConfiguration.java
org.apache.commons.configuration2.io.InputStreamSupport	/Users/nima/Developer/commons-configuration/src/main/java/org/apache/commons/configuration2/io/InputStreamSupport.java
org.apache.commons.configuration2.INIConfiguration	/Users/nima/Developer/commons-configuration/src/main/java/org/apache/commons/configuration2/INIConfiguration.java
org.apache.commons.configuration2.INIConfiguration$Builder	/Users/nima/Developer/commons-configuration/src/main/java/org/apache/commons/configuration2/INIConfiguration.java
org.apache.commons.configuration2.INIConfiguration$GlobalSectionNodeModel	/Users/nima/Developer/commons-configuration/src/main/java/org/apache/commons/configuration2/INIConfiguration.java
org.apache.commons.configuration2.INIConfiguration$GlobalSectionNodeModel$1	/Users/nima/Developer/commons-configuration/src/main/java/org/apache/commons/configuration2/INIConfiguration.java
org.apache.commons.configuration2.builder.combined.CombinedConfigurationBuilder	/Users/nima/Developer/commons-configuration/src/main/java/org/apache/commons/configuration2/builder/combined/CombinedConfigurationBuilder.java
org.apache.commons.configuration2.builder.combined.CombinedConfigurationBuilder$ConfigurationSourceData	/Users/nima/Developer/commons-configuration/src/main/java/org/apache/commons/configuration2/builder/combined/CombinedConfigurationBuilder.java
org.apache.commons.configuration2.CombinedConfiguration	/Users/nima/Developer/commons-configuration/src/main/java/org/apache/commons/configuration2/CombinedConfiguration.java
org.apache.commons.configuration2.CombinedConfiguration$ConfigData	/Users/nima/Developer/commons-configuration/src/main/java/org/apache/commons/configuration2/CombinedConfiguration.java
org.apache.commons.configuration2.builder.combined.ConfigurationBuilderProvider	/Users/nima/Developer/commons-configuration/src/main/java/org/apache/commons/configuration2/builder/combined/ConfigurationBuilderProvider.java
org.apache.commons.configuration2.builder.combined.BaseConfigurationBuilderProvider	/Users/nima/Developer/commons-configuration/src/main/java/org/apache/commons/configuration2/builder/combined/BaseConfigurationBuilderProvider.java
org.apache.commons.configuration2.builder.combined.MultiFileConfigurationBuilderProvider	/Users/nima/Developer/commons-configuration/src/main/java/org/apache/commons/configuration2/builder/combined/MultiFileConfigurationBuilderProvider.java
org.apache.commons.configuration2.builder.combined.MultiFileConfigurationBuilderProvider$WrapperBuilder	/Users/nima/Developer/commons-configuration/src/main/java/org/apache/commons/configuration2/builder/combined/MultiFileConfigurationBuilderProvider.java
org.apache.commons.configuration2.builder.combined.MultiFileConfigurationBuilderProvider$ReloadableWrapperBuilder	/Users/nima/Developer/commons-configuration/src/main/java/org/apache/commons/configuration2/builder/combined/MultiFileConfigurationBuilderProvider.java
org.apache.commons.configuration2.builder.combined.CombinedBuilderParametersImpl	/Users/nima/Developer/commons-configuration/src/main/java/org/apache/commons/configuration2/builder/combined/CombinedBuilderParametersImpl.java
org.apache.commons.configuration2.builder.combined.CombinedBuilderProperties	/Users/nima/Developer/commons-configuration/src/main/java/org/apache/commons/configuration2/builder/combined/CombinedBuilderProperties.java
org.apache.commons.configuration2.builder.XMLBuilderParametersImpl	/Users/nima/Developer/commons-configuration/src/main/java/org/apache/commons/configuration2/builder/XMLBuilderParametersImpl.java
org.apache.commons.configuration2.builder.HierarchicalBuilderParametersImpl	/Users/nima/Developer/commons-configuration/src/main/java/org/apache/commons/configuration2/builder/HierarchicalBuilderParametersImpl.java
org.apache.commons.configuration2.builder.combined.ConfigurationDeclaration	/Users/nima/Developer/commons-configuration/src/main/java/org/apache/commons/configuration2/builder/combined/ConfigurationDeclaration.java
org.apache.commons.configuration2.tree.NodeCombiner	/Users/nima/Developer/commons-configuration/src/main/java/org/apache/commons/configuration2/tree/NodeCombiner.java
org.apache.commons.configuration2.tree.NodeCombiner$1	/Users/nima/Developer/commons-configuration/src/main/java/org/apache/commons/configuration2/tree/NodeCombiner.java
org.apache.commons.configuration2.XMLDocumentHelper	/Users/nima/Developer/commons-configuration/src/main/java/org/apache/commons/configuration2/XMLDocumentHelper.java
org.apache.commons.configuration2.builder.fluent.CombinedBuilderParameters	/Users/nima/Developer/commons-configuration/src/main/java/org/apache/commons/configuration2/builder/fluent/CombinedBuilderParameters.java
org.apache.commons.configuration2.builder.fluent.HierarchicalBuilderParameters	/Users/nima/Developer/commons-configuration/src/main/java/org/apache/commons/configuration2/builder/fluent/HierarchicalBuilderParameters.java
org.apache.commons.configuration2.builder.fluent.XMLBuilderParameters	/Users/nima/Developer/commons-configuration/src/main/java/org/apache/commons/configuration2/builder/fluent/XMLBuilderParameters.java
org.apache.commons.configuration2.builder.fluent.MultiFileBuilderParameters	/Users/nima/Developer/commons-configuration/src/main/java/org/apache/commons/configuration2/builder/fluent/MultiFileBuilderParameters.java
org.apache.commons.configuration2.io.FileSystemLocationStrategy	/Users/nima/Developer/commons-configuration/src/main/java/org/apache/commons/configuration2/io/FileSystemLocationStrategy.java
org.apache.commons.configuration2.web.ServletContextConfiguration	/Users/nima/Developer/commons-configuration/src/main/java/org/apache/commons/configuration2/web/ServletContextConfiguration.java
org.apache.commons.configuration2.web.BaseWebConfiguration	/Users/nima/Developer/commons-configuration/src/main/java/org/apache/commons/configuration2/web/BaseWebConfiguration.java
org.apache.commons.configuration2.DatabaseConfiguration	/Users/nima/Developer/commons-configuration/src/main/java/org/apache/commons/configuration2/DatabaseConfiguration.java
org.apache.commons.configuration2.DatabaseConfiguration$1	/Users/nima/Developer/commons-configuration/src/main/java/org/apache/commons/configuration2/DatabaseConfiguration.java
org.apache.commons.configuration2.DatabaseConfiguration$2	/Users/nima/Developer/commons-configuration/src/main/java/org/apache/commons/configuration2/DatabaseConfiguration.java
org.apache.commons.configuration2.DatabaseConfiguration$3	/Users/nima/Developer/commons-configuration/src/main/java/org/apache/commons/configuration2/DatabaseConfiguration.java
org.apache.commons.configuration2.DatabaseConfiguration$4	/Users/nima/Developer/commons-configuration/src/main/java/org/apache/commons/configuration2/DatabaseConfiguration.java
org.apache.commons.configuration2.DatabaseConfiguration$5	/Users/nima/Developer/commons-configuration/src/main/java/org/apache/commons/configuration2/DatabaseConfiguration.java
org.apache.commons.configuration2.DatabaseConfiguration$6	/Users/nima/Developer/commons-configuration/src/main/java/org/apache/commons/configuration2/DatabaseConfiguration.java
org.apache.commons.configuration2.DatabaseConfiguration$7	/Users/nima/Developer/commons-configuration/src/main/java/org/apache/commons/configuration2/DatabaseConfiguration.java
org.apache.commons.configuration2.DatabaseConfiguration$JdbcOperation	/Users/nima/Developer/commons-configuration/src/main/java/org/apache/commons/configuration2/DatabaseConfiguration.java
org.apache.commons.configuration2.tree.NodeTreeWalker	/Users/nima/Developer/commons-configuration/src/main/java/org/apache/commons/configuration2/tree/NodeTreeWalker.java
org.apache.commons.configuration2.interpol.EnvironmentLookup	/Users/nima/Developer/commons-configuration/src/main/java/org/apache/commons/configuration2/interpol/EnvironmentLookup.java
org.apache.commons.configuration2.reloading.ManagedReloadingDetectorMBean	/Users/nima/Developer/commons-configuration/src/main/java/org/apache/commons/configuration2/reloading/ManagedReloadingDetectorMBean.java
org.apache.commons.configuration2.tree.xpath.ConfigurationNodeIteratorChildren	/Users/nima/Developer/commons-configuration/src/main/java/org/apache/commons/configuration2/tree/xpath/ConfigurationNodeIteratorChildren.java
org.apache.commons.configuration2.builder.INIBuilderParametersImpl	/Users/nima/Developer/commons-configuration/src/main/java/org/apache/commons/configuration2/builder/INIBuilderParametersImpl.java
org.apache.commons.configuration2.builder.ConfigurationBuilderResultCreatedEvent	/Users/nima/Developer/commons-configuration/src/main/java/org/apache/commons/configuration2/builder/ConfigurationBuilderResultCreatedEvent.java
org.apache.commons.configuration2.io.VFSFileSystem	/Users/nima/Developer/commons-configuration/src/main/java/org/apache/commons/configuration2/io/VFSFileSystem.java
org.apache.commons.configuration2.io.VFSFileSystem$VFSURLStreamHandler	/Users/nima/Developer/commons-configuration/src/main/java/org/apache/commons/configuration2/io/VFSFileSystem.java
org.apache.commons.configuration2.reloading.CombinedReloadingController	/Users/nima/Developer/commons-configuration/src/main/java/org/apache/commons/configuration2/reloading/CombinedReloadingController.java
org.apache.commons.configuration2.reloading.CombinedReloadingController$MultiReloadingControllerDetector	/Users/nima/Developer/commons-configuration/src/main/java/org/apache/commons/configuration2/reloading/CombinedReloadingController.java
org.apache.commons.configuration2.interpol.ConstantLookup	/Users/nima/Developer/commons-configuration/src/main/java/org/apache/commons/configuration2/interpol/ConstantLookup.java
org.apache.commons.configuration2.builder.DefaultReloadingDetectorFactory	/Users/nima/Developer/commons-configuration/src/main/java/org/apache/commons/configuration2/builder/DefaultReloadingDetectorFactory.java
org.apache.commons.configuration2.Initializable	/Users/nima/Developer/commons-configuration/src/main/java/org/apache/commons/configuration2/Initializable.java
org.apache.commons.configuration2.io.BasePathLocationStrategy	/Users/nima/Developer/commons-configuration/src/main/java/org/apache/commons/configuration2/io/BasePathLocationStrategy.java
org.apache.commons.configuration2.DynamicCombinedConfiguration	/Users/nima/Developer/commons-configuration/src/main/java/org/apache/commons/configuration2/DynamicCombinedConfiguration.java
org.apache.commons.configuration2.DynamicCombinedConfiguration$1	/Users/nima/Developer/commons-configuration/src/main/java/org/apache/commons/configuration2/DynamicCombinedConfiguration.java
org.apache.commons.configuration2.DynamicCombinedConfiguration$ConfigData	/Users/nima/Developer/commons-configuration/src/main/java/org/apache/commons/configuration2/DynamicCombinedConfiguration.java
org.apache.commons.configuration2.DynamicCombinedConfiguration$CurrentConfigHolder	/Users/nima/Developer/commons-configuration/src/main/java/org/apache/commons/configuration2/DynamicCombinedConfiguration.java
org.apache.commons.configuration2.builder.combined.ReloadingCombinedConfigurationBuilder	/Users/nima/Developer/commons-configuration/src/main/java/org/apache/commons/configuration2/builder/combined/ReloadingCombinedConfigurationBuilder.java
org.apache.commons.configuration2.sync.NoOpSynchronizer	/Users/nima/Developer/commons-configuration/src/main/java/org/apache/commons/configuration2/sync/NoOpSynchronizer.java
org.apache.commons.configuration2.tree.OverrideCombiner	/Users/nima/Developer/commons-configuration/src/main/java/org/apache/commons/configuration2/tree/OverrideCombiner.java
org.apache.commons.configuration2.io.HomeDirectoryLocationStrategy	/Users/nima/Developer/commons-configuration/src/main/java/org/apache/commons/configuration2/io/HomeDirectoryLocationStrategy.java
org.apache.commons.configuration2.convert.PropertyConverter	/Users/nima/Developer/commons-configuration/src/main/java/org/apache/commons/configuration2/convert/PropertyConverter.java
org.apache.commons.configuration2.reloading.ReloadingEvent	/Users/nima/Developer/commons-configuration/src/main/java/org/apache/commons/configuration2/reloading/ReloadingEvent.java
org.apache.commons.configuration2.DataConfiguration	/Users/nima/Developer/commons-configuration/src/main/java/org/apache/commons/configuration2/DataConfiguration.java
org.apache.commons.configuration2.DataConfiguration$DataConversionHandler	/Users/nima/Developer/commons-configuration/src/main/java/org/apache/commons/configuration2/DataConfiguration.java
org.apache.commons.configuration2.plist.PropertyListParser	/Users/nima/Developer/commons-configuration/target/generated-sources/javacc/org/apache/commons/configuration2/plist/PropertyListParser.java
org.apache.commons.configuration2.plist.PropertyListParser$LookaheadSuccess	/Users/nima/Developer/commons-configuration/target/generated-sources/javacc/org/apache/commons/configuration2/plist/PropertyListParser.java
org.apache.commons.configuration2.plist.PropertyListParser$JJCalls	/Users/nima/Developer/commons-configuration/target/generated-sources/javacc/org/apache/commons/configuration2/plist/PropertyListParser.java
org.apache.commons.configuration2.CompositeConfiguration	/Users/nima/Developer/commons-configuration/src/main/java/org/apache/commons/configuration2/CompositeConfiguration.java
org.apache.commons.configuration2.HierarchicalConfigurationXMLReader	/Users/nima/Developer/commons-configuration/src/main/java/org/apache/commons/configuration2/HierarchicalConfigurationXMLReader.java
org.apache.commons.configuration2.HierarchicalConfigurationXMLReader$SAXVisitor	/Users/nima/Developer/commons-configuration/src/main/java/org/apache/commons/configuration2/HierarchicalConfigurationXMLReader.java
org.apache.commons.configuration2.tree.MergeCombiner	/Users/nima/Developer/commons-configuration/src/main/java/org/apache/commons/configuration2/tree/MergeCombiner.java
org.apache.commons.configuration2.builder.combined.MultiWrapDynaClass	/Users/nima/Developer/commons-configuration/src/main/java/org/apache/commons/configuration2/builder/combined/MultiWrapDynaClass.java
org.apache.commons.configuration2.JSONConfiguration	/Users/nima/Developer/commons-configuration/src/main/java/org/apache/commons/configuration2/JSONConfiguration.java
org.apache.commons.configuration2.AbstractYAMLBasedConfiguration	/Users/nima/Developer/commons-configuration/src/main/java/org/apache/commons/configuration2/AbstractYAMLBasedConfiguration.java
org.apache.commons.configuration2.builder.combined.CombinedConfigurationBuilderProvider	/Users/nima/Developer/commons-configuration/src/main/java/org/apache/commons/configuration2/builder/combined/CombinedConfigurationBuilderProvider.java
org.apache.commons.configuration2.resolver.EntityResolverSupport	/Users/nima/Developer/commons-configuration/src/main/java/org/apache/commons/configuration2/resolver/EntityResolverSupport.java
org.apache.commons.configuration2.reloading.VFSFileHandlerReloadingDetector	/Users/nima/Developer/commons-configuration/src/main/java/org/apache/commons/configuration2/reloading/VFSFileHandlerReloadingDetector.java
org.apache.commons.configuration2.reloading.ManagedReloadingDetector	/Users/nima/Developer/commons-configuration/src/main/java/org/apache/commons/configuration2/reloading/ManagedReloadingDetector.java
org.apache.commons.configuration2.web.ServletConfiguration	/Users/nima/Developer/commons-configuration/src/main/java/org/apache/commons/configuration2/web/ServletConfiguration.java
org.apache.commons.configuration2.interpol.SystemPropertiesLookup	/Users/nima/Developer/commons-configuration/src/main/java/org/apache/commons/configuration2/interpol/SystemPropertiesLookup.java
org.apache.commons.configuration2.builder.combined.FileExtensionConfigurationBuilderProvider	/Users/nima/Developer/commons-configuration/src/main/java/org/apache/commons/configuration2/builder/combined/FileExtensionConfigurationBuilderProvider.java
org.apache.commons.configuration2.ConfigurationComparator	/Users/nima/Developer/commons-configuration/src/main/java/org/apache/commons/configuration2/ConfigurationComparator.java
org.apache.commons.configuration2.ImmutableConfigurationInvocationHandler	/Users/nima/Developer/commons-configuration/src/main/java/org/apache/commons/configuration2/ImmutableConfigurationInvocationHandler.java
org.apache.commons.configuration2.ImmutableConfigurationInvocationHandler$ImmutableIterator	/Users/nima/Developer/commons-configuration/src/main/java/org/apache/commons/configuration2/ImmutableConfigurationInvocationHandler.java
org.apache.commons.configuration2.web.AppletConfiguration	/Users/nima/Developer/commons-configuration/src/main/java/org/apache/commons/configuration2/web/AppletConfiguration.java
org.apache.commons.configuration2.builder.DatabaseBuilderParametersImpl	/Users/nima/Developer/commons-configuration/src/main/java/org/apache/commons/configuration2/builder/DatabaseBuilderParametersImpl.java
org.apache.commons.configuration2.beanutils.ConfigurationDynaBean	/Users/nima/Developer/commons-configuration/src/main/java/org/apache/commons/configuration2/beanutils/ConfigurationDynaBean.java
org.apache.commons.configuration2.ConfigurationMap	/Users/nima/Developer/commons-configuration/src/main/java/org/apache/commons/configuration2/ConfigurationMap.java
org.apache.commons.configuration2.ConfigurationMap$ConfigurationSet	/Users/nima/Developer/commons-configuration/src/main/java/org/apache/commons/configuration2/ConfigurationMap.java
org.apache.commons.configuration2.ConfigurationMap$ConfigurationSet$Entry	/Users/nima/Developer/commons-configuration/src/main/java/org/apache/commons/configuration2/ConfigurationMap.java
org.apache.commons.configuration2.ConfigurationMap$ConfigurationSet$ConfigurationSetIterator	/Users/nima/Developer/commons-configuration/src/main/java/org/apache/commons/configuration2/ConfigurationMap.java
org.apache.commons.configuration2.interpol.ExprLookup	/Users/nima/Developer/commons-configuration/src/main/java/org/apache/commons/configuration2/interpol/ExprLookup.java
org.apache.commons.configuration2.interpol.ExprLookup$Variables	/Users/nima/Developer/commons-configuration/src/main/java/org/apache/commons/configuration2/interpol/ExprLookup.java
org.apache.commons.configuration2.interpol.ExprLookup$Variable	/Users/nima/Developer/commons-configuration/src/main/java/org/apache/commons/configuration2/interpol/ExprLookup.java
org.apache.commons.configuration2.builder.EventListenerParameters	/Users/nima/Developer/commons-configuration/src/main/java/org/apache/commons/configuration2/builder/EventListenerParameters.java
org.apache.commons.configuration2.builder.EventListenerProvider	/Users/nima/Developer/commons-configuration/src/main/java/org/apache/commons/configuration2/builder/EventListenerProvider.java
org.apache.commons.configuration2.convert.DisabledListDelimiterHandler	/Users/nima/Developer/commons-configuration/src/main/java/org/apache/commons/configuration2/convert/DisabledListDelimiterHandler.java
org.apache.commons.configuration2.builder.JndiBuilderParametersImpl	/Users/nima/Developer/commons-configuration/src/main/java/org/apache/commons/configuration2/builder/JndiBuilderParametersImpl.java
org.apache.commons.configuration2.StrictConfigurationComparator	/Users/nima/Developer/commons-configuration/src/main/java/org/apache/commons/configuration2/StrictConfigurationComparator.java
org.apache.commons.configuration2.reloading.PeriodicReloadingTrigger	/Users/nima/Developer/commons-configuration/src/main/java/org/apache/commons/configuration2/reloading/PeriodicReloadingTrigger.java
org.apache.commons.configuration2.tree.NodeNameMatchers	/Users/nima/Developer/commons-configuration/src/main/java/org/apache/commons/configuration2/tree/NodeNameMatchers.java
org.apache.commons.configuration2.tree.NodeNameMatchers$1	/Users/nima/Developer/commons-configuration/src/main/java/org/apache/commons/configuration2/tree/NodeNameMatchers.java
org.apache.commons.configuration2.tree.NodeNameMatchers$2	/Users/nima/Developer/commons-configuration/src/main/java/org/apache/commons/configuration2/tree/NodeNameMatchers.java
org.apache.commons.configuration2.spring.ConfigurationPropertiesFactoryBean	/Users/nima/Developer/commons-configuration/src/main/java/org/apache/commons/configuration2/spring/ConfigurationPropertiesFactoryBean.java
org.apache.commons.configuration2.YAMLConfiguration	/Users/nima/Developer/commons-configuration/src/main/java/org/apache/commons/configuration2/YAMLConfiguration.java
org.apache.commons.configuration2.web.ServletRequestConfiguration	/Users/nima/Developer/commons-configuration/src/main/java/org/apache/commons/configuration2/web/ServletRequestConfiguration.java
org.apache.commons.configuration2.web.ServletFilterConfiguration	/Users/nima/Developer/commons-configuration/src/main/java/org/apache/commons/configuration2/web/ServletFilterConfiguration.java
org.apache.commons.configuration2.PrefixedKeysIterator	/Users/nima/Developer/commons-configuration/src/main/java/org/apache/commons/configuration2/PrefixedKeysIterator.java
org.apache.commons.configuration2.tree.xpath.ConfigurationNodePointerFactory	/Users/nima/Developer/commons-configuration/src/main/java/org/apache/commons/configuration2/tree/xpath/ConfigurationNodePointerFactory.java
org.apache.commons.configuration2.tree.xpath.ConfigurationNodePointerFactory$NodeWrapper	/Users/nima/Developer/commons-configuration/src/main/java/org/apache/commons/configuration2/tree/xpath/ConfigurationNodePointerFactory.java
org.apache.commons.configuration2.tree.NodeHandlerDecorator	/Users/nima/Developer/commons-configuration/src/main/java/org/apache/commons/configuration2/tree/NodeHandlerDecorator.java
org.apache.commons.configuration2.tree.UnionCombiner	/Users/nima/Developer/commons-configuration/src/main/java/org/apache/commons/configuration2/tree/UnionCombiner.java
org.apache.commons.configuration2.tree.TrackedNodeHandler	/Users/nima/Developer/commons-configuration/src/main/java/org/apache/commons/configuration2/tree/TrackedNodeHandler.java
org.apache.commons.configuration2.XMLListReference	/Users/nima/Developer/commons-configuration/src/main/java/org/apache/commons/configuration2/XMLListReference.java
org.apache.commons.configuration2.plist.TokenMgrError	/Users/nima/Developer/commons-configuration/target/generated-sources/javacc/org/apache/commons/configuration2/plist/TokenMgrError.java
org.apache.commons.configuration2.beanutils.CombinedBeanDeclaration	/Users/nima/Developer/commons-configuration/src/main/java/org/apache/commons/configuration2/beanutils/CombinedBeanDeclaration.java
org.apache.commons.configuration2.XMLPropertiesConfiguration	/Users/nima/Developer/commons-configuration/src/main/java/org/apache/commons/configuration2/XMLPropertiesConfiguration.java
org.apache.commons.configuration2.XMLPropertiesConfiguration$XMLPropertiesHandler	/Users/nima/Developer/commons-configuration/src/main/java/org/apache/commons/configuration2/XMLPropertiesConfiguration.java
org.apache.commons.configuration2.tree.xpath.ConfigurationAttributePointer	/Users/nima/Developer/commons-configuration/src/main/java/org/apache/commons/configuration2/tree/xpath/ConfigurationAttributePointer.java
org.apache.commons.configuration2.builder.CopyObjectDefaultHandler	/Users/nima/Developer/commons-configuration/src/main/java/org/apache/commons/configuration2/builder/CopyObjectDefaultHandler.java
org.apache.commons.configuration2.beanutils.ConfigurationDynaClass	/Users/nima/Developer/commons-configuration/src/main/java/org/apache/commons/configuration2/beanutils/ConfigurationDynaClass.java
